method,n_total,n_valid,invalid_rate,bias,std,rmse,abs_mean,ci95_low,ci95_high,outlier_rate
raw,235,235,0,-0.00198745501627916,0.0319833204154701,0.0319770207613707,0.0234750669330134,-0.0726609813125023,0.0623249981265055,0
iqr_only,235,235,0,-0.0097386140877257,0.00674164858356036,0.0118362589723517,0.0105030072759474,-0.0204488196518596,0.00534952851634064,0
iqr_kalman,235,235,0,-0.00976968032624041,0.00673950628900581,0.0118606204761544,0.010526075951937,-0.020492190091507,0.00522522260511368,0
